{"id":"Ra8DNBf","temid":"geren_chengxuyuanjs","content":{"con1":"\u7a0b\u5e8f\u733f\u6eda\u52a8\u4ecb\u7ecd\u9875","con2":"\u8d70\u4e0a\u7a0b\u5e8f\u9053\u8def\u7684\u4eba","con3":"\u773c\u91cc\u603b\u6709\u522b\u4eba\u770b\u4e0d\u5230\u7684\u4e16\u754c","con4":"\u54c1\u724c\u6807\u8bc6","con5":"\u754c\u9762\u8bbe\u8ba1","con6":"\u5e73\u9762\u8bbe\u8ba1","con7":"\u7f51\u9875\u8bbe\u8ba1","con8":"PHP\u4f18\u5316","con9":"\u7cbe\u901aPS","con10":"\u552f\u4e00QQ\uff1a123456","con11":"http:\/\/www.144g.com\/geren_chengxuyuanjs\/picture\/ewm.jpg"}}