{"id":"Ri4wKj5","temid":"geren_fensepiaoye","content":{"con1":"144G\u7f51\u9875\u5236\u4f5c","con2":"http:\/\/www.144g.com\/geren_fensepiaoye\/tx.jpg","con3":"\u7c89\u8272\u98d8\u53f6\u4e2a\u4eba\u4e3b\u9875","con4":"144G\u7f51\u9875\u5236\u4f5c\uff0c\u56fd\u5185\u9876\u5c16\u81ea\u52a8\u5316\u7f51\u9875\u5236\u4f5c\u7cfb\u7edf","con5":"\u505a\u5168\u7f51\u6700\u4e13\u4e1a\u7684\u7f51\u9875\u5236\u4f5c\u7cfb\u7edf","con6":"123456","con7":"http:\/\/p2.music.126.net\/TkVXDADz7VjDHM4drkCuig==\/5724057534301320.mp3"}}