{"id":"Ri5Iq4P","temid":"geren_jianyuewangye","content":{"con1":"144G\u7f51\u9875\u5236\u4f5c","con2":"http:\/\/www.144g.com\/geren_jianyuewangye\/images\/men1.jpg","con3":"\u7b80\u7ea6\u4e2a\u4eba\u7f51\u9875","con4":"\u6211\u7684\u7b80\u7ea6\u4e2a\u4eba\u7f51\u9875","con5":"144G\u7f51\u9875\u5236\u4f5c\uff0c\u56fd\u5185\u9876\u5c16\u81ea\u52a8\u5316\u7f51\u9875\u5236\u4f5c\u7cfb\u7edf","con6":"123456","con7":"Copyright \u00a92017 144G.COM","con8":"http:\/\/m2.music.126.net\/M8Xpg-FodO2lfcy0PBNNlQ==\/1406275375593099.mp3"}}