{"id":"RibHYOe","temid":"geren_heikezhuye","content":{"con1":"\u4e2a\u4eba\u9ed1\u5ba2\u4e3b\u9875","con2":"http:\/\/www.144g.com\/geren_heikezhuye\/tx.png","con3":"\u6bcf\u4e2a\u9ed1\u5ba2\u90fd\u6709\u4e00\u6bb5\u5411\u5f80\u7684\u7231\u60c5","con4":"\u4e3a\u4e86\u8ffd\u4e00\u4e2a\u5973\u5b69\uff0c\u6211\u60f3\u5165\u4fb5\u6b64\u57df\u540d\u9ad8\u8c03\u5bf9\u5979\u8868\u767d\uff01","con5":"\u53ea\u4e0d\u8fc7\uff0c\u8fd9\u4e00\u5207\u5c31\u662f\u4e00\u573a\u68a6\uff0c\u68a6\u9192\u540e\uff0c\u6211\u624d\u77e5\u9053\u9ed1\u5ba2\u662f\u4e0d\u9700\u8981\u7231\u60c5\u7684\uff01","con6":"By\uff1a\u5c0f\u5f6c","con7":"\u9ed1\u5ba2\uff0c\u4e0d\u9700\u8981\u7231\u60c5\uff01","con8":"123456","con9":"http:\/\/m2.music.126.net\/6uiRR8VLGTJ784KSKwbi9A==\/3350211931087769.mp3"}}