{"id":"RiqN6HX","temid":"geren_dianyayewu","content":{"con1":"\u7f51\u9875\u5236\u4f5c","con2":"20.00","con3":"on","con4":"\u7f51\u7ad9\u642d\u5efa","con5":"39.00","con6":"on","con7":"\u8bba\u575b\u642d\u5efa","con8":"10.00","con9":"on","con10":"\u8f6f\u4ef6\u4ee3\u505a","con11":"100.00","con12":"on","con13":"APP\u4ee3\u505a","con14":"100.00","con15":"on","con16":"\u5934\u50cf\u5236\u4f5c","con17":"5.00","con18":"on","con19":"\u5ba3\u4f20\u56fe\u5236\u4f5c","con20":"10.00","con21":"on","con22":"\u7a7a\u95f4\u80cc\u666f\u5236\u4f5c","con23":"10.00","con24":"on","con25":"\u7a7a\u95f4\u80cc\u666f","con26":"100.00","con27":"on","con28":"\u666e\u901a\u5f92\u5f1f","con29":"88.00","con30":"on","con31":"\u7ec8\u751f\u6536\u5f92","con32":"200.00","con33":"on","con34":"\u5176\u4ed6\u8054\u7cfb\u5ba2\u670d","con35":"0.00","con36":"on","con37":"\u6682\u672a\u5f00\u542f","con38":"0.00","con40":"\u6682\u672a\u5f00\u542f","con41":"0.00","con43":"\u6682\u672a\u5f00\u542f","con44":"0.00","con46":"\u5178\u96c5\u4e1a\u52a1\u7f51","con47":"\u5178\u96c5\u4e1a\u52a1\u7f51 - \u65d7\u8230\u5e97","con48":"\u65d7 \u8230 \u5e97 \u4e1a \u52a1 \u53ca \u4ef7 \u683c \u8868","con49":"\u672c\u7ad9\u62d2\u7edd\u8fd8\u4ef7\u4e36\u8bf7\u60a8\u4e0d\u8981\u81ea\u8ba8\u6ca1\u8da3\u627e\u832c","con50":"123456","con51":"\u79d2\u53d1","con52":"Copyright \u00a9 2017 144G.COM \u7248\u6743\u6240\u6709 \u8fd0\u884c\u5546\uff1a144G\u7f51\u9875\u5236\u4f5c"}}