{"id":"RiqN6HT","temid":"geren_yewuwang","content":{"con1":"\u7f51\u9875\u5236\u4f5c","con2":"20.00","con3":"on","con4":"\u7f51\u7ad9\u642d\u5efa","con5":"39.00","con6":"on","con7":"\u8bba\u575b\u642d\u5efa","con8":"10.00","con9":"on","con10":"\u8f6f\u4ef6\u4ee3\u505a","con11":"100.00","con12":"on","con13":"APP\u4ee3\u505a","con14":"100.00","con15":"on","con16":"\u5934\u50cf\u5236\u4f5c","con17":"5.00","con18":"on","con19":"\u5ba3\u4f20\u56fe\u5236\u4f5c","con20":"10.00","con21":"on","con22":"\u7a7a\u95f4\u80cc\u666f\u5236\u4f5c","con23":"10.00","con24":"on","con25":"\u7a7a\u95f4\u80cc\u666f","con26":"100.00","con27":"on","con28":"\u666e\u901a\u5f92\u5f1f","con29":"88.00","con30":"on","con31":"\u7ec8\u751f\u6536\u5f92","con32":"200.00","con33":"on","con34":"\u5176\u4ed6\u8054\u7cfb\u5ba2\u670d","con35":"0.00","con36":"on","con37":"\u6682\u672a\u5f00\u542f","con38":"0.00","con40":"\u6682\u672a\u5f00\u542f","con41":"0.00","con43":"\u6682\u672a\u5f00\u542f","con44":"0.00","con46":"\u4e2a\u4eba\u4e1a\u52a1\u7f51","con47":"http:\/\/www.144g.com\/geren_yewuwang\/img\/top.png","con48":"http:\/\/www.144g.com\/geren_yewuwang\/img\/tx.jpg","con49":"\u516c\u544a\uff1a144G\u662f\u4e00\u6b3e\u5168\u81ea\u52a8\u5728\u7ebf\u7f51\u9875\u5236\u4f5c\u5de5\u5177\uff0c\u56fd\u5185\u9876\u5c16\u81ea\u52a8\u5316\u7f51\u9875\u5236\u4f5c\u7cfb\u7edf\uff0c\u53ea\u9700\u9009\u62e9\u6a21\u677f\u4e00\u952e\u751f\u6210\u5373\u53ef\u3002\u53ef\u5236\u4f5c\u4e00\u7cfb\u5217\u4e2a\u4eba\u7f51\u9875\u3001\u8868\u767d\u7f51\u9875\u3001HTML5\u7f51\u9875\u7b49\u7b49\uff0c\u4eba\u4eba\u90fd\u80fd\u505a\u7f51\u9875\u3002","con50":"123456","con51":"152778108","con52":"Copyright \u00a92017 144G.COM"}}