{"id":"RXRiknZ","temid":"biaobai_xiangcePPT","content":{"con1":"Slide","con2":"One","con3":"http:\/\/www.144g.com\/biaobai_xiangcePPT\/img\/1.jpg","con4":"Slide","con5":"Two","con6":"http:\/\/www.144g.com\/biaobai_xiangcePPT\/img\/2.jpg","con7":"Slide","con8":"Three","con9":"http:\/\/www.144g.com\/biaobai_xiangcePPT\/img\/3.jpg","con10":"Slide","con11":"Four","con12":"http:\/\/www.144g.com\/biaobai_xiangcePPT\/img\/4.jpg","con13":"Slide","con14":"Five","con15":"http:\/\/www.144g.com\/biaobai_xiangcePPT\/img\/5.jpg","con16":"next","con17":"http:\/\/m2.music.126.net\/LHlrmW906j7SAkf5le2OuA==\/19057835044339712.mp3","con18":"\u56de\u5fc6\u76f8\u518cPPT"}}